return_id,order_id,reason,return_date
1,7,Wrong Item,2026-02-13
2,10,Wrong Item,2026-05-12
3,12,Quality Issue,2025-12-04
4,16,Damaged,2025-08-22
5,29,Defective,2026-05-09
6,41,Defective,2025-09-13
7,48,Damaged,2025-07-08
8,68,Defective,2026-06-25
9,71,Defective,2025-06-27
10,74,Wrong Item,2025-08-09
11,79,Quality Issue,2025-10-22
12,84,Quality Issue,2026-04-10
13,89,Quality Issue,2025-07-20
14,102,Size Issue,2025-12-10
15,106,Size Issue,2026-05-01
16,117,Damaged,2026-03-07
17,122,Defective,2025-12-30
18,127,Quality Issue,2026-06-04
19,132,Defective,2026-03-08
20,137,Damaged,2025-09-14
21,141,Damaged,2025-10-03
22,154,Size Issue,2025-08-12
23,155,Wrong Item,2025-08-21
24,168,Size Issue,2025-12-19
25,179,Defective,2025-07-28
26,196,Quality Issue,2026-06-19
27,202,Size Issue,2025-09-26
28,205,Size Issue,2026-06-03
29,215,Wrong Item,2025-11-04
30,221,Size Issue,2026-01-20
31,226,Size Issue,2025-08-04
32,246,Wrong Item,2026-01-14
33,256,Size Issue,2026-04-25
34,257,Wrong Item,2025-07-28
35,264,Quality Issue,2025-07-16
36,273,Wrong Item,2025-12-31
37,279,Damaged,2025-10-13
38,292,Wrong Item,2025-11-20
39,294,Wrong Item,2026-06-06
40,297,Damaged,2026-01-24
41,317,Damaged,2026-06-02
42,333,Defective,2025-10-26
43,341,Defective,2025-08-07
44,356,Wrong Item,2026-04-27
45,361,Quality Issue,2026-04-15
46,371,Wrong Item,2025-11-21
47,373,Quality Issue,2025-09-24
48,374,Defective,2026-02-16
49,384,Defective,2025-07-08
50,387,Size Issue,2025-10-30
51,391,Size Issue,2025-09-17
52,396,Damaged,2025-12-15
53,404,Size Issue,2025-09-29
54,411,Size Issue,2025-11-24
55,423,Quality Issue,2026-01-11
56,444,Wrong Item,2025-11-30
57,451,Damaged,2026-03-17
58,461,Wrong Item,2025-12-24
59,475,Damaged,2025-09-02
60,490,Damaged,2025-12-07
61,499,Defective,2026-02-04
62,503,Wrong Item,2026-02-08
63,506,Size Issue,2026-04-24
64,514,Damaged,2026-05-01
65,516,Defective,2025-09-08
66,530,Quality Issue,2026-01-19
67,535,Wrong Item,2026-02-23
68,538,Size Issue,2026-04-27
69,541,Quality Issue,2025-09-14
70,543,Defective,2026-06-08
71,557,Damaged,2026-02-08
72,588,Quality Issue,2025-11-15
73,591,Damaged,2026-02-03
74,603,Defective,2026-01-07
75,607,Damaged,2025-11-22
76,609,Wrong Item,2026-05-11
77,618,Wrong Item,2025-08-09
78,637,Defective,2026-03-29
79,662,Damaged,2025-12-15
80,664,Quality Issue,2026-06-15
81,670,Quality Issue,2026-06-25
82,673,Quality Issue,2025-12-28
83,685,Quality Issue,2026-05-10
84,707,Damaged,2026-06-13
85,718,Damaged,2026-03-07
86,724,Size Issue,2026-02-21
87,725,Size Issue,2026-01-29
88,728,Damaged,2025-10-12
89,750,Defective,2026-04-03
90,756,Defective,2025-07-26
91,760,Quality Issue,2026-04-08
92,771,Quality Issue,2026-01-21
93,789,Quality Issue,2026-03-30
94,802,Size Issue,2026-05-23
95,805,Quality Issue,2025-09-17
96,808,Quality Issue,2026-06-17
97,827,Quality Issue,2025-11-24
98,835,Quality Issue,2026-06-03
99,837,Quality Issue,2026-04-06
100,848,Quality Issue,2025-10-17
101,852,Damaged,2026-01-02
102,860,Defective,2026-03-16
103,863,Size Issue,2026-05-21
104,867,Size Issue,2025-08-26
105,885,Wrong Item,2025-07-27
106,895,Damaged,2025-09-12
107,915,Defective,2026-06-19
108,919,Damaged,2026-03-01
109,923,Size Issue,2026-03-26
110,932,Damaged,2025-12-20
111,936,Wrong Item,2026-06-20
112,937,Wrong Item,2026-05-06
113,949,Defective,2025-09-30
114,956,Wrong Item,2025-10-31
115,958,Wrong Item,2025-12-24
116,959,Defective,2025-08-04
117,961,Defective,2026-06-23
118,979,Size Issue,2025-12-06
119,984,Size Issue,2025-06-29
120,1015,Quality Issue,2026-01-28
121,1030,Size Issue,2026-03-07
122,1041,Damaged,2026-02-02
123,1059,Size Issue,2025-09-23
124,1068,Size Issue,2025-09-25
125,1076,Damaged,2026-03-14
126,1084,Size Issue,2026-03-01
127,1095,Size Issue,2025-09-15
128,1119,Defective,2026-02-28
129,1134,Size Issue,2026-04-23
130,1143,Defective,2025-11-22
131,1151,Damaged,2025-07-28
132,1173,Defective,2025-07-15
133,1183,Damaged,2026-02-21
134,1184,Size Issue,2026-01-16
135,1186,Size Issue,2025-09-30
136,1187,Defective,2026-04-02
137,1211,Defective,2026-05-21
138,1214,Damaged,2025-07-05
139,1218,Damaged,2026-04-14
140,1226,Damaged,2026-01-29
141,1243,Wrong Item,2025-07-03
142,1253,Damaged,2026-01-16
143,1271,Defective,2025-09-22
144,1272,Quality Issue,2026-04-19
145,1281,Wrong Item,2025-08-09
146,1289,Defective,2025-11-19
147,1295,Quality Issue,2025-12-25
148,1307,Defective,2025-11-07
149,1311,Damaged,2026-02-23
150,1317,Size Issue,2026-05-20
151,1328,Size Issue,2026-05-06
152,1356,Size Issue,2025-07-27
153,1362,Size Issue,2025-08-10
154,1368,Wrong Item,2025-09-12
155,1373,Defective,2026-05-14
156,1402,Quality Issue,2025-08-02
157,1409,Wrong Item,2026-05-10
158,1432,Wrong Item,2025-11-18
159,1444,Quality Issue,2026-02-05
160,1460,Size Issue,2025-10-21
161,1465,Wrong Item,2025-12-16
162,1484,Quality Issue,2026-06-07
163,1502,Size Issue,2025-10-30
164,1511,Size Issue,2025-10-19
165,1513,Damaged,2025-12-18
166,1525,Defective,2026-06-15
167,1539,Damaged,2026-04-14
168,1540,Size Issue,2025-09-18
169,1541,Defective,2026-06-01
170,1574,Damaged,2026-02-05
171,1587,Damaged,2026-03-09
172,1605,Damaged,2026-06-06
173,1608,Damaged,2025-10-31
174,1616,Wrong Item,2026-03-16
175,1619,Wrong Item,2025-08-10
176,1627,Defective,2025-10-20
177,1643,Quality Issue,2025-07-30
178,1646,Wrong Item,2026-02-23
179,1671,Defective,2025-10-29
180,1684,Size Issue,2025-11-18
181,1690,Defective,2025-07-28
182,1693,Defective,2025-07-26
183,1722,Wrong Item,2025-10-20
184,1742,Wrong Item,2025-07-16
185,1757,Quality Issue,2025-07-08
186,1759,Wrong Item,2025-11-16
187,1760,Defective,2026-03-15
188,1765,Wrong Item,2026-03-16
189,1778,Quality Issue,2025-08-26
190,1789,Quality Issue,2025-10-17
191,1808,Wrong Item,2025-09-26
192,1811,Size Issue,2026-04-05
193,1817,Damaged,2026-06-13
194,1827,Size Issue,2026-03-29
195,1829,Size Issue,2026-01-19
196,1831,Wrong Item,2025-10-03
197,1853,Quality Issue,2026-03-10
198,1872,Defective,2025-09-05
199,1894,Quality Issue,2025-11-29
200,1897,Quality Issue,2025-10-31
201,1898,Size Issue,2026-02-14
202,1937,Quality Issue,2026-06-25
203,1942,Quality Issue,2026-06-24
204,1957,Damaged,2026-01-30
205,1959,Damaged,2025-10-06
206,1985,Size Issue,2026-01-17
207,1988,Wrong Item,2025-10-16
208,1992,Defective,2025-09-12
209,2014,Damaged,2025-12-25
210,2023,Defective,2026-01-06
211,2024,Wrong Item,2026-01-31
212,2029,Size Issue,2026-04-01
213,2044,Size Issue,2025-09-04
214,2057,Size Issue,2026-03-27
215,2071,Defective,2025-06-26
216,2074,Defective,2026-06-11
217,2080,Quality Issue,2026-01-20
218,2093,Damaged,2026-02-24
219,2098,Damaged,2025-11-28
220,2109,Size Issue,2025-07-29
221,2113,Wrong Item,2026-04-14
222,2126,Defective,2025-09-20
223,2127,Defective,2026-05-14
224,2138,Damaged,2025-09-11
225,2143,Damaged,2026-04-08
226,2147,Damaged,2025-08-12
227,2153,Quality Issue,2025-12-16
228,2166,Defective,2025-10-23
229,2185,Damaged,2025-09-20
230,2200,Wrong Item,2025-09-23
231,2210,Quality Issue,2025-08-24
232,2227,Wrong Item,2026-04-30
233,2237,Wrong Item,2026-06-06
234,2249,Size Issue,2025-10-09
235,2251,Quality Issue,2025-12-09
236,2261,Damaged,2026-02-17
237,2276,Size Issue,2026-06-05
238,2279,Size Issue,2026-05-04
239,2287,Damaged,2025-11-12
240,2293,Quality Issue,2025-09-28
241,2298,Damaged,2025-10-08
242,2318,Defective,2026-03-09
243,2320,Defective,2025-08-16
244,2327,Wrong Item,2025-08-20
245,2331,Quality Issue,2026-01-07
246,2338,Damaged,2026-04-02
247,2363,Damaged,2026-05-17
248,2385,Defective,2026-04-30
249,2399,Defective,2025-09-14
250,2402,Damaged,2025-09-16
251,2404,Quality Issue,2026-02-28
252,2417,Damaged,2026-06-19
253,2424,Size Issue,2025-11-02
254,2426,Size Issue,2025-09-19
255,2428,Defective,2025-09-13
256,2437,Damaged,2026-06-24
257,2438,Quality Issue,2026-06-21
258,2442,Wrong Item,2026-02-22
259,2443,Quality Issue,2026-03-05
260,2455,Size Issue,2026-03-20
261,2460,Size Issue,2025-07-13
262,2474,Size Issue,2025-07-22
263,2486,Size Issue,2026-03-30
264,2497,Quality Issue,2025-08-11
265,2511,Damaged,2026-04-16
266,2513,Defective,2026-04-17
267,2514,Quality Issue,2025-12-26
268,2517,Damaged,2026-05-24
269,2528,Damaged,2025-12-25
270,2529,Size Issue,2026-02-22
271,2533,Defective,2026-03-01
272,2544,Damaged,2026-05-10
273,2549,Size Issue,2026-01-12
274,2559,Size Issue,2025-11-11
275,2580,Damaged,2026-02-11
276,2581,Defective,2026-02-16
277,2596,Size Issue,2026-01-20
278,2602,Wrong Item,2026-06-07
279,2614,Quality Issue,2026-04-06
280,2628,Wrong Item,2025-12-04
281,2631,Defective,2026-04-07
282,2633,Damaged,2025-11-22
283,2634,Wrong Item,2026-03-04
284,2638,Damaged,2025-07-05
285,2643,Quality Issue,2026-03-07
286,2644,Size Issue,2026-04-17
287,2645,Wrong Item,2026-03-22
288,2648,Quality Issue,2026-03-20
289,2652,Wrong Item,2025-12-21
290,2656,Quality Issue,2026-04-08
291,2657,Quality Issue,2026-05-20
292,2667,Quality Issue,2026-03-17
293,2672,Quality Issue,2026-06-22
294,2702,Defective,2025-10-22
295,2703,Wrong Item,2025-09-28
296,2709,Quality Issue,2025-09-30
297,2710,Quality Issue,2025-10-20
298,2733,Size Issue,2025-07-19
299,2749,Size Issue,2026-04-18
300,2762,Defective,2025-09-12
301,2787,Wrong Item,2026-06-26
302,2796,Size Issue,2025-12-15
303,2808,Size Issue,2025-12-03
304,2811,Size Issue,2026-01-08
305,2818,Size Issue,2026-06-05
306,2834,Quality Issue,2025-10-21
307,2848,Size Issue,2025-07-25
308,2852,Damaged,2025-08-28
309,2860,Wrong Item,2026-01-21
310,2861,Size Issue,2026-06-24
311,2889,Quality Issue,2026-05-11
312,2911,Damaged,2025-12-20
313,2912,Damaged,2025-07-08
314,2913,Defective,2026-06-13
315,2929,Damaged,2026-04-24
316,2944,Size Issue,2026-06-25
317,2972,Size Issue,2025-11-04
318,2973,Damaged,2025-07-14
319,2994,Quality Issue,2025-12-23
320,3002,Wrong Item,2025-08-19
321,3003,Wrong Item,2025-12-13
322,3008,Wrong Item,2025-12-02
323,3011,Size Issue,2026-05-17
324,3028,Quality Issue,2025-12-15
325,3038,Damaged,2025-09-26
326,3044,Wrong Item,2026-05-25
327,3046,Quality Issue,2026-05-07
328,3058,Defective,2026-01-03
329,3068,Quality Issue,2025-08-10
330,3074,Defective,2026-03-27
331,3081,Defective,2025-07-31
332,3090,Damaged,2026-02-24
333,3102,Quality Issue,2026-04-24
334,3125,Quality Issue,2026-02-13
335,3128,Size Issue,2026-02-11
336,3136,Damaged,2026-04-20
337,3138,Damaged,2026-01-12
338,3145,Damaged,2026-05-29
339,3147,Defective,2026-01-28
340,3151,Defective,2026-02-01
341,3163,Wrong Item,2026-05-20
342,3173,Quality Issue,2025-10-18
343,3174,Size Issue,2026-04-04
344,3179,Wrong Item,2026-05-03
345,3180,Quality Issue,2025-09-16
346,3181,Quality Issue,2025-09-05
347,3188,Quality Issue,2025-07-17
348,3196,Defective,2025-10-03
349,3201,Damaged,2026-04-18
350,3205,Size Issue,2026-06-01
351,3212,Quality Issue,2025-07-09
352,3221,Size Issue,2025-11-12
353,3228,Wrong Item,2025-07-30
354,3230,Wrong Item,2026-05-03
355,3232,Size Issue,2026-05-15
356,3243,Damaged,2025-08-10
357,3244,Defective,2025-08-24
358,3247,Defective,2026-05-05
359,3253,Wrong Item,2025-11-16
360,3266,Defective,2026-01-04
361,3270,Wrong Item,2025-07-08
362,3277,Wrong Item,2026-04-02
363,3282,Wrong Item,2026-05-27
364,3296,Damaged,2026-02-23
365,3298,Defective,2025-10-25
366,3304,Quality Issue,2025-10-21
367,3307,Defective,2025-09-03
368,3320,Size Issue,2026-03-29
369,3338,Quality Issue,2025-11-17
370,3357,Wrong Item,2026-03-28
371,3366,Defective,2026-03-15
372,3374,Wrong Item,2026-04-26
373,3378,Size Issue,2025-11-21
374,3388,Damaged,2026-04-02
375,3389,Quality Issue,2026-06-12
376,3392,Size Issue,2025-08-19
377,3399,Size Issue,2026-02-27
378,3403,Defective,2025-08-21
379,3408,Wrong Item,2025-10-10
380,3411,Damaged,2026-06-15
381,3413,Wrong Item,2026-05-31
382,3415,Damaged,2025-11-06
383,3434,Size Issue,2026-02-28
384,3437,Damaged,2026-05-14
385,3446,Quality Issue,2026-06-06
386,3448,Wrong Item,2026-06-11
387,3449,Quality Issue,2025-10-28
388,3451,Size Issue,2026-04-22
389,3453,Wrong Item,2026-04-18
390,3472,Damaged,2025-12-15
391,3490,Quality Issue,2025-10-27
392,3491,Wrong Item,2025-07-19
393,3498,Size Issue,2026-03-07
394,3508,Wrong Item,2026-05-03
395,3509,Damaged,2026-03-09
396,3520,Defective,2025-07-14
397,3533,Wrong Item,2026-02-24
398,3534,Defective,2025-08-19
399,3538,Damaged,2026-04-27
400,3559,Size Issue,2026-02-01
401,3570,Damaged,2025-12-18
402,3572,Defective,2026-05-11
403,3578,Size Issue,2026-06-03
404,3587,Damaged,2025-11-10
405,3589,Damaged,2026-03-02
406,3610,Wrong Item,2026-04-28
407,3619,Defective,2025-09-12
408,3625,Damaged,2025-11-13
409,3643,Quality Issue,2026-01-03
410,3661,Quality Issue,2026-06-26
411,3730,Damaged,2026-03-08
412,3732,Wrong Item,2025-11-27
413,3735,Quality Issue,2026-04-23
414,3736,Size Issue,2026-06-05
415,3756,Wrong Item,2025-08-16
416,3769,Size Issue,2025-06-30
417,3770,Defective,2026-03-29
418,3774,Damaged,2026-02-22
419,3802,Size Issue,2026-02-13
420,3814,Defective,2025-12-01
421,3821,Wrong Item,2026-02-12
422,3824,Size Issue,2025-08-01
423,3826,Size Issue,2026-04-27
424,3828,Wrong Item,2025-11-05
425,3832,Quality Issue,2025-11-22
426,3835,Wrong Item,2026-04-16
427,3850,Defective,2026-01-24
428,3856,Size Issue,2026-03-01
429,3895,Size Issue,2025-11-22
430,3902,Wrong Item,2026-05-18
431,3915,Quality Issue,2026-02-12
432,3917,Size Issue,2025-12-11
433,3925,Wrong Item,2025-11-26
434,3931,Wrong Item,2025-10-23
435,3943,Quality Issue,2025-12-16
436,3954,Quality Issue,2026-03-02
437,3964,Defective,2025-08-31
438,3978,Defective,2026-03-23
439,4008,Damaged,2025-10-06
440,4017,Size Issue,2025-11-24
441,4025,Wrong Item,2026-06-24
442,4069,Defective,2026-04-08
443,4072,Quality Issue,2025-08-15
444,4080,Size Issue,2025-11-13
445,4081,Defective,2026-01-25
446,4089,Damaged,2025-11-09
447,4136,Damaged,2026-04-05
448,4148,Damaged,2026-06-15
449,4150,Wrong Item,2025-07-08
450,4154,Defective,2026-02-15
451,4158,Wrong Item,2026-06-25
452,4160,Defective,2026-05-15
453,4184,Wrong Item,2026-05-20
454,4225,Wrong Item,2026-03-07
455,4235,Damaged,2025-08-13
456,4243,Size Issue,2026-05-23
457,4259,Size Issue,2026-02-02
458,4260,Size Issue,2026-03-02
459,4268,Wrong Item,2026-05-01
460,4288,Defective,2025-12-21
461,4298,Quality Issue,2025-12-13
462,4323,Damaged,2025-08-08
463,4333,Wrong Item,2026-05-24
464,4347,Size Issue,2026-01-11
465,4349,Defective,2025-07-13
466,4363,Size Issue,2025-09-02
467,4368,Size Issue,2025-10-27
468,4372,Damaged,2026-05-18
469,4373,Wrong Item,2025-08-24
470,4380,Quality Issue,2025-12-29
471,4388,Damaged,2026-03-21
472,4390,Defective,2026-02-01
473,4398,Quality Issue,2026-04-08
474,4406,Size Issue,2025-08-04
475,4408,Quality Issue,2025-07-04
476,4411,Defective,2025-09-26
477,4418,Size Issue,2025-12-07
478,4421,Damaged,2026-02-03
479,4423,Wrong Item,2025-12-13
480,4454,Quality Issue,2026-03-30
481,4463,Quality Issue,2026-01-17
482,4464,Quality Issue,2025-11-17
483,4469,Quality Issue,2026-05-06
484,4472,Defective,2026-04-11
485,4485,Damaged,2026-03-05
486,4495,Size Issue,2026-02-16
487,4504,Defective,2026-01-25
488,4508,Damaged,2026-01-21
489,4535,Damaged,2025-09-20
490,4548,Defective,2026-03-07
491,4552,Defective,2025-08-30
492,4563,Size Issue,2026-06-18
493,4576,Damaged,2026-02-25
494,4582,Damaged,2026-02-10
495,4590,Size Issue,2026-06-06
496,4605,Size Issue,2025-09-08
497,4606,Damaged,2026-06-12
498,4607,Damaged,2025-09-27
499,4619,Size Issue,2026-06-21
500,4627,Defective,2026-01-05
501,4635,Damaged,2025-12-08
502,4681,Wrong Item,2026-04-27
503,4704,Quality Issue,2026-04-27
504,4718,Defective,2026-06-19
505,4724,Damaged,2026-04-04
506,4751,Quality Issue,2025-07-10
507,4768,Quality Issue,2026-04-20
508,4781,Quality Issue,2026-03-27
509,4784,Size Issue,2026-03-22
510,4798,Size Issue,2026-03-21
511,4802,Defective,2025-07-10
512,4804,Wrong Item,2026-02-07
513,4811,Size Issue,2025-12-15
514,4830,Defective,2025-12-15
515,4849,Size Issue,2025-07-27
516,4850,Quality Issue,2026-06-16
517,4851,Wrong Item,2026-05-31
518,4852,Wrong Item,2026-01-23
519,4857,Size Issue,2026-04-05
520,4865,Size Issue,2025-07-13
521,4888,Wrong Item,2025-10-30
522,4891,Size Issue,2025-11-19
523,4913,Quality Issue,2026-03-11
524,4921,Damaged,2026-01-05
525,4931,Quality Issue,2026-01-01
526,4934,Damaged,2025-10-19
527,4935,Damaged,2025-07-06
528,4936,Size Issue,2026-05-09
529,4938,Defective,2025-12-26
530,4943,Defective,2026-02-18
531,4944,Damaged,2025-10-21
532,4948,Defective,2026-05-05
533,4969,Defective,2025-09-06
534,4976,Defective,2026-06-15
535,4977,Size Issue,2025-08-24
536,4980,Size Issue,2025-09-22
537,4992,Damaged,2025-09-16
538,5007,Defective,2026-03-03
539,5010,Wrong Item,2025-07-23
540,5014,Quality Issue,2025-10-14
541,5016,Size Issue,2026-01-24
542,5018,Damaged,2025-08-02
543,5023,Size Issue,2025-11-07
544,5026,Wrong Item,2026-04-08
545,5027,Damaged,2025-12-25
546,5028,Defective,2026-05-17
547,5060,Size Issue,2025-10-30
548,5065,Damaged,2025-08-01
549,5072,Size Issue,2025-08-01
550,5092,Defective,2026-01-18
551,5102,Wrong Item,2025-11-14
552,5148,Size Issue,2026-05-31
553,5153,Defective,2026-03-08
554,5157,Wrong Item,2026-04-07
555,5166,Size Issue,2026-01-06
556,5173,Wrong Item,2025-07-20
557,5186,Damaged,2026-05-04
558,5192,Size Issue,2025-10-30
559,5200,Size Issue,2026-06-22
560,5219,Wrong Item,2025-12-11
561,5236,Wrong Item,2026-04-01
562,5256,Defective,2025-07-23
563,5268,Wrong Item,2026-06-04
564,5272,Defective,2026-05-28
565,5274,Quality Issue,2025-09-22
566,5286,Size Issue,2025-10-07
567,5289,Wrong Item,2026-06-10
568,5291,Defective,2026-03-03
569,5303,Damaged,2025-08-25
570,5308,Damaged,2025-09-22
571,5313,Defective,2026-01-09
572,5314,Defective,2026-02-13
573,5317,Size Issue,2025-12-23
574,5333,Damaged,2026-02-09
575,5360,Quality Issue,2026-02-21
576,5365,Defective,2026-05-24
577,5377,Size Issue,2025-09-25
578,5388,Damaged,2025-10-27
579,5406,Defective,2026-02-28
580,5437,Size Issue,2025-11-25
581,5438,Wrong Item,2026-05-15
582,5441,Defective,2025-11-10
583,5448,Quality Issue,2026-03-27
584,5456,Quality Issue,2026-02-02
585,5479,Size Issue,2026-01-21
586,5487,Defective,2026-02-26
587,5489,Quality Issue,2025-09-15
588,5497,Wrong Item,2025-12-25
589,5502,Damaged,2026-06-01
590,5512,Wrong Item,2025-07-17
591,5517,Defective,2026-04-02
592,5520,Size Issue,2026-04-02
593,5533,Wrong Item,2025-08-14
594,5536,Quality Issue,2026-01-22
595,5552,Size Issue,2025-10-11
596,5559,Quality Issue,2025-12-06
597,5570,Size Issue,2026-02-16
598,5571,Wrong Item,2025-10-30
599,5581,Size Issue,2025-08-17
600,5597,Defective,2026-03-17
601,5630,Wrong Item,2025-08-05
602,5636,Damaged,2025-08-16
603,5646,Defective,2025-12-20
604,5655,Defective,2025-06-27
605,5677,Size Issue,2026-04-22
606,5678,Defective,2025-07-02
607,5687,Size Issue,2026-02-10
608,5688,Defective,2026-03-18
609,5699,Wrong Item,2025-09-27
610,5709,Size Issue,2026-05-04
611,5714,Wrong Item,2026-01-07
612,5715,Quality Issue,2026-04-22
613,5726,Quality Issue,2025-07-11
614,5741,Size Issue,2026-03-19
615,5768,Wrong Item,2025-12-05
616,5772,Wrong Item,2025-07-29
617,5775,Quality Issue,2025-10-11
618,5787,Wrong Item,2025-12-29
619,5788,Size Issue,2025-10-22
620,5832,Wrong Item,2025-12-30
621,5840,Defective,2025-12-02
622,5861,Size Issue,2025-10-17
623,5877,Damaged,2026-05-04
624,5893,Size Issue,2026-01-17
625,5899,Damaged,2026-03-05
626,5920,Defective,2025-12-25
627,5927,Wrong Item,2026-05-28
628,5928,Defective,2026-04-12
629,5939,Size Issue,2025-11-02
630,5950,Size Issue,2025-11-25
631,5957,Size Issue,2025-07-02
632,5965,Size Issue,2025-11-09
633,5969,Wrong Item,2025-12-26
634,5977,Damaged,2026-02-20
635,5991,Damaged,2026-05-06
636,6001,Quality Issue,2025-09-20
637,6003,Size Issue,2025-06-29
638,6009,Size Issue,2025-10-05
639,6012,Defective,2026-03-23
640,6025,Quality Issue,2026-01-18
641,6030,Defective,2025-11-28
642,6037,Size Issue,2026-04-25
643,6039,Defective,2025-07-02
644,6061,Size Issue,2026-01-03
645,6069,Damaged,2026-01-24
646,6071,Wrong Item,2026-06-21
647,6092,Damaged,2026-02-22
648,6104,Size Issue,2025-09-15
649,6124,Size Issue,2026-03-24
650,6140,Wrong Item,2026-06-10
651,6143,Damaged,2025-11-09
652,6144,Quality Issue,2025-08-01
653,6145,Defective,2025-10-29
654,6171,Quality Issue,2025-11-09
655,6175,Wrong Item,2025-06-28
656,6177,Size Issue,2025-07-01
657,6202,Size Issue,2025-10-01
658,6205,Size Issue,2025-06-28
659,6214,Size Issue,2026-01-01
660,6222,Wrong Item,2025-10-20
661,6229,Quality Issue,2025-11-14
662,6239,Wrong Item,2025-12-07
663,6244,Defective,2025-12-04
664,6245,Damaged,2025-07-02
665,6252,Size Issue,2026-02-04
666,6255,Defective,2025-10-25
667,6299,Damaged,2026-03-04
668,6300,Wrong Item,2026-01-18
669,6307,Damaged,2026-05-04
670,6314,Damaged,2025-08-19
671,6325,Wrong Item,2026-04-15
672,6326,Wrong Item,2025-10-26
673,6362,Defective,2025-10-05
674,6368,Defective,2025-10-01
675,6379,Wrong Item,2025-12-08
676,6391,Damaged,2025-07-31
677,6399,Quality Issue,2025-07-18
678,6421,Quality Issue,2025-10-05
679,6423,Defective,2025-08-03
680,6424,Quality Issue,2025-12-21
681,6450,Size Issue,2025-09-30
682,6457,Defective,2026-05-08
683,6476,Damaged,2026-06-10
684,6479,Quality Issue,2025-12-25
685,6492,Size Issue,2026-04-01
686,6495,Size Issue,2025-09-17
687,6497,Wrong Item,2025-08-21
688,6502,Damaged,2025-07-15
689,6507,Quality Issue,2025-08-01
690,6529,Quality Issue,2025-07-17
691,6533,Defective,2026-02-03
692,6539,Damaged,2026-05-29
693,6549,Quality Issue,2025-10-14
694,6553,Quality Issue,2025-10-24
695,6580,Size Issue,2026-06-13
696,6585,Damaged,2025-07-12
697,6602,Size Issue,2026-02-26
698,6604,Size Issue,2026-04-28
699,6622,Wrong Item,2025-09-21
700,6629,Damaged,2026-01-06
701,6639,Damaged,2025-10-19
702,6643,Damaged,2025-08-11
703,6678,Quality Issue,2026-04-10
704,6685,Quality Issue,2026-02-28
705,6708,Quality Issue,2025-10-04
706,6711,Size Issue,2025-08-08
707,6724,Wrong Item,2025-12-08
708,6737,Damaged,2026-03-25
709,6742,Size Issue,2025-11-02
710,6756,Quality Issue,2025-09-18
711,6760,Wrong Item,2025-08-28
712,6774,Size Issue,2026-01-28
713,6775,Size Issue,2025-08-16
714,6776,Size Issue,2026-05-27
715,6785,Wrong Item,2025-08-01
716,6787,Quality Issue,2025-11-13
717,6804,Defective,2025-11-04
718,6811,Wrong Item,2025-08-29
719,6817,Wrong Item,2025-12-11
720,6824,Size Issue,2026-04-24
721,6840,Quality Issue,2026-03-29
722,6843,Damaged,2026-01-05
723,6855,Wrong Item,2026-01-30
724,6863,Defective,2025-10-05
725,6870,Defective,2025-12-03
726,6876,Defective,2025-10-28
727,6905,Quality Issue,2026-03-09
728,6908,Quality Issue,2025-10-23
729,6910,Defective,2026-03-08
730,6915,Damaged,2026-04-03
731,6953,Size Issue,2026-02-12
732,6979,Size Issue,2026-06-24
733,6981,Wrong Item,2025-12-28
734,6985,Quality Issue,2025-08-17
735,6988,Quality Issue,2026-03-19
736,6990,Defective,2025-11-21
737,6996,Size Issue,2026-03-04
738,7022,Size Issue,2026-05-09
739,7023,Wrong Item,2025-12-11
740,7025,Wrong Item,2025-09-06
741,7042,Damaged,2025-12-13
742,7043,Quality Issue,2025-10-14
743,7050,Damaged,2026-02-14
744,7076,Quality Issue,2026-06-26
745,7092,Size Issue,2026-05-30
746,7100,Size Issue,2025-06-30
747,7104,Damaged,2025-10-22
748,7112,Wrong Item,2025-12-17
749,7120,Damaged,2026-02-14
750,7130,Defective,2025-08-24
751,7143,Wrong Item,2026-05-24
752,7165,Damaged,2026-03-15
753,7174,Damaged,2026-03-03
754,7181,Wrong Item,2026-03-31
755,7192,Quality Issue,2026-03-05
756,7203,Defective,2025-12-20
757,7211,Defective,2025-09-17
758,7218,Size Issue,2025-10-16
759,7231,Defective,2025-09-16
760,7246,Damaged,2025-10-29
761,7251,Quality Issue,2025-12-24
762,7257,Size Issue,2025-11-01
763,7258,Quality Issue,2025-12-19
764,7268,Wrong Item,2026-03-23
765,7271,Size Issue,2026-06-26
766,7285,Defective,2026-01-30
767,7294,Size Issue,2025-08-25
768,7304,Wrong Item,2026-05-29
769,7310,Defective,2026-05-02
770,7325,Defective,2026-02-01
771,7338,Wrong Item,2025-08-04
772,7361,Wrong Item,2025-11-14
773,7366,Size Issue,2026-03-26
774,7400,Defective,2025-12-27
775,7423,Wrong Item,2026-02-01
776,7447,Defective,2026-02-11
777,7453,Quality Issue,2026-05-23
778,7477,Damaged,2025-07-14
779,7480,Quality Issue,2026-03-12
780,7482,Quality Issue,2026-03-11
781,7487,Damaged,2026-03-05
782,7508,Defective,2025-08-21
783,7527,Defective,2025-08-01
784,7532,Size Issue,2026-06-23
785,7561,Wrong Item,2026-01-06
786,7573,Size Issue,2025-07-15
787,7586,Damaged,2026-03-01
788,7591,Quality Issue,2025-08-31
789,7616,Defective,2026-01-23
790,7634,Damaged,2026-04-05
791,7637,Wrong Item,2026-02-10
792,7640,Damaged,2026-06-20
793,7642,Wrong Item,2025-09-29
794,7661,Quality Issue,2026-04-14
795,7664,Defective,2025-11-16
796,7666,Defective,2025-07-20
797,7676,Quality Issue,2025-12-08
798,7687,Quality Issue,2025-12-23
799,7701,Wrong Item,2025-06-30
800,7732,Wrong Item,2026-01-30
801,7738,Size Issue,2025-10-01
802,7745,Damaged,2026-02-18
803,7760,Wrong Item,2025-12-11
804,7763,Size Issue,2025-08-20
805,7779,Wrong Item,2025-09-14
806,7785,Size Issue,2026-05-16
807,7790,Damaged,2026-06-13
808,7793,Defective,2025-09-24
809,7811,Defective,2025-11-08
810,7829,Quality Issue,2026-06-12
811,7841,Defective,2025-07-09
812,7845,Damaged,2025-10-21
813,7865,Damaged,2025-10-06
814,7867,Quality Issue,2025-11-22
815,7874,Wrong Item,2025-09-20
816,7877,Wrong Item,2025-07-26
817,7878,Quality Issue,2025-11-23
818,7919,Defective,2025-08-12
819,7920,Wrong Item,2025-10-07
820,7922,Quality Issue,2026-04-11
821,7946,Size Issue,2026-03-02
822,7955,Defective,2026-05-05
823,7959,Defective,2025-09-10
824,7963,Quality Issue,2026-01-18
825,7968,Quality Issue,2026-02-24
826,7971,Wrong Item,2026-03-28
827,7976,Wrong Item,2026-03-07
828,7982,Quality Issue,2025-08-11
829,7990,Quality Issue,2025-08-25
830,7995,Wrong Item,2026-06-05
831,8002,Quality Issue,2026-01-10
832,8025,Size Issue,2025-07-02
833,8028,Damaged,2025-12-28
834,8029,Damaged,2026-05-25
835,8031,Size Issue,2025-07-02
836,8057,Wrong Item,2026-05-21
837,8066,Quality Issue,2026-01-08
838,8069,Wrong Item,2026-02-25
839,8081,Size Issue,2026-05-12
840,8090,Quality Issue,2025-07-08
841,8095,Damaged,2026-03-07
842,8112,Damaged,2025-08-02
843,8130,Size Issue,2026-02-08
844,8131,Damaged,2025-08-09
845,8135,Wrong Item,2025-11-05
846,8145,Wrong Item,2026-06-18
847,8160,Quality Issue,2025-11-11
848,8170,Quality Issue,2025-09-03
849,8194,Size Issue,2025-09-24
850,8195,Damaged,2026-02-09
851,8201,Wrong Item,2025-09-26
852,8210,Size Issue,2026-05-01
853,8227,Wrong Item,2026-06-04
854,8266,Quality Issue,2026-05-31
855,8271,Quality Issue,2025-10-10
856,8278,Size Issue,2026-05-26
857,8302,Damaged,2025-12-20
858,8304,Quality Issue,2025-07-29
859,8305,Quality Issue,2025-12-31
860,8313,Damaged,2026-03-20
861,8315,Damaged,2025-09-04
862,8330,Damaged,2026-05-05
863,8345,Size Issue,2025-09-05
864,8356,Quality Issue,2026-03-27
865,8358,Size Issue,2025-09-28
866,8364,Damaged,2025-09-28
867,8374,Wrong Item,2025-10-02
868,8377,Defective,2025-07-12
869,8382,Wrong Item,2025-08-30
870,8399,Defective,2026-06-22
871,8405,Quality Issue,2026-06-13
872,8409,Size Issue,2025-12-10
873,8418,Damaged,2026-03-22
874,8446,Quality Issue,2026-03-11
875,8452,Size Issue,2025-11-09
876,8455,Defective,2025-07-24
877,8475,Size Issue,2026-03-25
878,8476,Wrong Item,2025-08-03
879,8489,Size Issue,2025-07-27
880,8527,Defective,2025-07-25
881,8541,Defective,2026-01-08
882,8554,Damaged,2025-07-18
883,8582,Damaged,2025-11-23
884,8583,Size Issue,2026-02-24
885,8588,Wrong Item,2025-11-26
886,8594,Wrong Item,2025-12-12
887,8596,Wrong Item,2025-09-06
888,8604,Damaged,2026-06-01
889,8612,Damaged,2025-09-09
890,8613,Quality Issue,2025-09-22
891,8614,Defective,2026-02-21
892,8617,Damaged,2025-07-17
893,8634,Damaged,2026-04-12
894,8654,Defective,2025-12-18
895,8665,Damaged,2025-07-10
896,8667,Size Issue,2026-06-08
897,8681,Wrong Item,2025-07-29
898,8682,Defective,2025-09-02
899,8684,Quality Issue,2026-05-01
900,8690,Defective,2026-05-09
901,8696,Damaged,2025-12-07
902,8709,Quality Issue,2026-01-29
903,8724,Quality Issue,2026-01-25
904,8732,Size Issue,2025-11-10
905,8737,Wrong Item,2025-12-04
906,8738,Size Issue,2026-01-05
907,8746,Wrong Item,2026-05-19
908,8747,Damaged,2025-07-16
909,8755,Wrong Item,2025-07-24
910,8759,Quality Issue,2026-02-03
911,8760,Wrong Item,2025-07-13
912,8761,Damaged,2026-01-17
913,8774,Defective,2025-12-18
914,8799,Wrong Item,2025-07-05
915,8803,Quality Issue,2025-08-18
916,8815,Defective,2025-11-09
917,8820,Size Issue,2026-04-05
918,8826,Defective,2025-12-01
919,8837,Size Issue,2025-12-31
920,8845,Defective,2026-03-28
921,8868,Defective,2026-05-12
922,8871,Quality Issue,2025-07-01
923,8887,Defective,2026-06-25
924,8889,Damaged,2026-02-04
925,8890,Quality Issue,2026-06-20
926,8899,Quality Issue,2025-07-08
927,8908,Damaged,2026-02-14
928,8909,Defective,2025-09-24
929,8942,Size Issue,2026-03-18
930,8945,Wrong Item,2026-06-12
931,8952,Size Issue,2025-12-26
932,8956,Defective,2026-02-25
933,8958,Wrong Item,2026-06-11
934,8960,Wrong Item,2026-02-25
935,8979,Size Issue,2025-09-29
936,8985,Damaged,2025-10-20
937,9005,Size Issue,2025-06-30
938,9007,Size Issue,2026-03-01
939,9027,Damaged,2026-05-19
940,9046,Quality Issue,2025-09-17
941,9047,Damaged,2025-09-02
942,9062,Defective,2025-11-18
943,9070,Quality Issue,2025-10-28
944,9071,Damaged,2025-08-15
945,9091,Quality Issue,2026-03-31
946,9095,Size Issue,2025-07-29
947,9097,Damaged,2026-03-23
948,9099,Wrong Item,2025-12-09
949,9100,Defective,2025-07-23
950,9108,Quality Issue,2026-03-01
951,9111,Size Issue,2025-11-15
952,9121,Size Issue,2026-02-27
953,9123,Quality Issue,2025-07-16
954,9131,Damaged,2026-01-06
955,9153,Size Issue,2025-10-28
956,9156,Size Issue,2026-04-18
957,9162,Damaged,2025-09-19
958,9172,Quality Issue,2025-11-16
959,9226,Damaged,2026-05-28
960,9234,Defective,2025-08-11
961,9244,Wrong Item,2025-08-10
962,9260,Quality Issue,2025-12-23
963,9262,Damaged,2025-11-09
964,9264,Quality Issue,2026-03-18
965,9309,Quality Issue,2025-08-19
966,9311,Quality Issue,2026-01-28
967,9313,Damaged,2025-10-28
968,9323,Defective,2025-10-13
969,9327,Size Issue,2025-07-03
970,9335,Damaged,2025-08-06
971,9340,Damaged,2025-06-29
972,9342,Size Issue,2025-08-15
973,9346,Damaged,2026-05-24
974,9354,Defective,2026-01-27
975,9358,Defective,2026-04-01
976,9363,Wrong Item,2026-01-14
977,9373,Damaged,2026-03-01
978,9393,Quality Issue,2025-11-08
979,9395,Defective,2026-02-08
980,9401,Size Issue,2026-02-07
981,9408,Damaged,2026-02-15
982,9420,Defective,2025-07-02
983,9439,Damaged,2025-09-29
984,9446,Quality Issue,2025-10-15
985,9466,Quality Issue,2025-10-25
986,9470,Defective,2025-09-20
987,9472,Wrong Item,2025-07-11
988,9480,Wrong Item,2025-09-12
989,9481,Wrong Item,2026-01-17
990,9482,Damaged,2025-12-19
991,9494,Damaged,2025-07-17
992,9498,Damaged,2026-05-15
993,9505,Size Issue,2026-04-17
994,9544,Size Issue,2026-05-01
995,9547,Defective,2025-10-13
996,9555,Size Issue,2025-07-16
997,9557,Quality Issue,2025-09-18
998,9584,Wrong Item,2026-04-12
999,9587,Defective,2026-01-29
1000,9592,Damaged,2025-11-12
1001,9597,Defective,2026-03-24
1002,9598,Defective,2026-01-29
1003,9611,Size Issue,2026-05-10
1004,9639,Wrong Item,2025-11-11
1005,9655,Damaged,2025-09-24
1006,9665,Size Issue,2026-03-10
1007,9689,Size Issue,2026-03-03
1008,9697,Wrong Item,2026-04-09
1009,9698,Defective,2026-03-25
1010,9701,Size Issue,2025-09-26
1011,9706,Quality Issue,2025-11-18
1012,9708,Size Issue,2026-01-23
1013,9715,Size Issue,2025-07-22
1014,9725,Size Issue,2026-03-30
1015,9727,Quality Issue,2025-12-14
1016,9772,Wrong Item,2026-01-12
1017,9785,Damaged,2026-06-08
1018,9796,Damaged,2026-05-01
1019,9802,Size Issue,2025-07-08
1020,9804,Defective,2026-02-19
1021,9805,Damaged,2025-12-04
1022,9815,Damaged,2026-05-01
1023,9833,Size Issue,2026-04-09
1024,9836,Size Issue,2026-06-16
1025,9856,Damaged,2026-01-26
1026,9875,Wrong Item,2025-12-31
1027,9893,Size Issue,2025-09-11
1028,9895,Size Issue,2025-08-27
1029,9905,Quality Issue,2026-03-18
1030,9906,Wrong Item,2025-06-30
1031,9918,Defective,2026-03-08
1032,9932,Size Issue,2026-04-13
1033,9933,Damaged,2026-01-23
1034,9938,Wrong Item,2025-08-27
1035,9941,Wrong Item,2025-10-26
1036,9958,Quality Issue,2026-05-04
1037,9969,Defective,2026-05-03
1038,9970,Defective,2025-10-26
1039,9971,Quality Issue,2026-06-03
1040,9977,Damaged,2025-12-02
1041,9978,Size Issue,2026-03-04
1042,9980,Size Issue,2026-04-14
1043,9997,Damaged,2025-11-28
1044,9999,Size Issue,2025-12-16
1045,10005,Wrong Item,2025-09-13
1046,10014,Size Issue,2026-06-08
1047,10020,Damaged,2026-01-31
1048,10025,Quality Issue,2026-01-28
1049,10054,Size Issue,2026-01-04
1050,10062,Damaged,2026-04-16
1051,10073,Quality Issue,2025-09-09
1052,10095,Size Issue,2025-08-07
1053,10131,Defective,2026-03-02
1054,10135,Quality Issue,2025-07-09
1055,10136,Quality Issue,2026-03-10
1056,10143,Wrong Item,2026-03-22
1057,10155,Quality Issue,2026-02-11
1058,10181,Defective,2026-05-16
1059,10195,Wrong Item,2025-10-25
1060,10252,Size Issue,2025-10-08
1061,10262,Damaged,2025-07-29
1062,10264,Damaged,2026-04-12
1063,10266,Defective,2025-07-17
1064,10273,Defective,2025-10-04
1065,10281,Quality Issue,2025-07-04
1066,10283,Quality Issue,2026-05-06
1067,10299,Wrong Item,2026-04-03
1068,10306,Defective,2026-06-19
1069,10318,Quality Issue,2025-12-20
1070,10355,Size Issue,2025-11-13
1071,10356,Size Issue,2026-05-10
1072,10359,Quality Issue,2026-01-05
1073,10362,Quality Issue,2025-07-08
1074,10363,Quality Issue,2025-10-28
1075,10378,Defective,2026-03-09
1076,10387,Quality Issue,2025-11-02
1077,10389,Damaged,2026-02-03
1078,10390,Quality Issue,2026-05-09
1079,10392,Defective,2026-01-27
1080,10400,Size Issue,2025-10-23
1081,10407,Damaged,2026-05-06
1082,10416,Wrong Item,2025-10-19
1083,10431,Damaged,2026-06-09
1084,10448,Size Issue,2026-01-28
1085,10466,Wrong Item,2025-08-14
1086,10501,Wrong Item,2026-02-18
1087,10508,Wrong Item,2025-09-29
1088,10516,Quality Issue,2025-07-04
1089,10543,Defective,2026-04-09
1090,10560,Size Issue,2025-08-30
1091,10577,Size Issue,2026-01-08
1092,10591,Quality Issue,2025-11-16
1093,10602,Defective,2025-12-31
1094,10608,Defective,2026-02-06
1095,10610,Quality Issue,2025-11-12
1096,10624,Wrong Item,2025-07-27
1097,10649,Defective,2025-09-12
1098,10666,Size Issue,2025-08-31
1099,10671,Wrong Item,2025-07-31
1100,10686,Quality Issue,2026-03-29
1101,10692,Damaged,2026-06-23
1102,10712,Quality Issue,2025-07-04
1103,10725,Damaged,2025-10-05
1104,10728,Size Issue,2026-04-03
1105,10730,Wrong Item,2025-11-04
1106,10734,Wrong Item,2026-03-17
1107,10735,Defective,2025-08-19
1108,10737,Wrong Item,2025-07-29
1109,10739,Size Issue,2025-11-02
1110,10743,Damaged,2025-06-30
1111,10748,Defective,2025-07-25
1112,10758,Defective,2025-10-11
1113,10761,Wrong Item,2026-02-05
1114,10770,Quality Issue,2025-11-27
1115,10772,Size Issue,2026-02-10
1116,10780,Quality Issue,2026-06-17
1117,10814,Defective,2026-01-04
1118,10825,Defective,2025-11-09
1119,10831,Damaged,2025-07-04
1120,10844,Quality Issue,2026-06-09
1121,10845,Size Issue,2026-01-21
1122,10853,Size Issue,2026-04-16
1123,10858,Defective,2025-11-15
1124,10862,Damaged,2025-11-08
1125,10869,Defective,2025-10-17
1126,10905,Wrong Item,2025-09-28
1127,10909,Quality Issue,2026-04-02
1128,10972,Damaged,2025-09-04
1129,10991,Wrong Item,2025-09-01
1130,11001,Size Issue,2026-01-09
1131,11006,Wrong Item,2025-10-01
1132,11011,Quality Issue,2025-11-13
1133,11019,Defective,2025-07-22
1134,11026,Wrong Item,2025-12-28
1135,11036,Defective,2026-03-12
1136,11039,Wrong Item,2026-03-08
1137,11052,Wrong Item,2025-08-03
1138,11053,Quality Issue,2026-04-26
1139,11054,Damaged,2026-04-18
1140,11058,Size Issue,2026-03-28
1141,11067,Size Issue,2026-06-08
1142,11090,Defective,2026-01-06
1143,11099,Damaged,2026-03-01
1144,11100,Wrong Item,2025-11-06
1145,11112,Quality Issue,2026-03-16
1146,11118,Defective,2026-06-26
1147,11122,Wrong Item,2025-08-21
1148,11167,Wrong Item,2025-08-11
1149,11168,Size Issue,2026-03-30
1150,11181,Size Issue,2026-05-20
1151,11203,Quality Issue,2025-10-24
1152,11205,Size Issue,2026-02-17
1153,11211,Defective,2025-08-22
1154,11222,Defective,2025-09-04
1155,11231,Size Issue,2026-01-25
1156,11244,Damaged,2026-01-18
1157,11252,Quality Issue,2026-06-10
1158,11272,Size Issue,2026-05-27
1159,11274,Wrong Item,2026-05-06
1160,11276,Size Issue,2026-03-22
1161,11291,Quality Issue,2026-01-13
1162,11296,Wrong Item,2026-01-07
1163,11301,Size Issue,2025-11-07
1164,11303,Size Issue,2026-06-14
1165,11324,Defective,2026-04-03
1166,11349,Defective,2025-09-20
1167,11356,Damaged,2026-05-13
1168,11362,Defective,2026-05-25
1169,11371,Quality Issue,2025-11-10
1170,11372,Wrong Item,2025-07-22
1171,11391,Quality Issue,2025-07-03
1172,11426,Quality Issue,2026-02-06
1173,11450,Quality Issue,2025-11-20
1174,11466,Defective,2026-06-17
1175,11471,Size Issue,2025-08-16
1176,11473,Wrong Item,2025-07-26
1177,11475,Wrong Item,2026-03-25
1178,11488,Quality Issue,2026-06-20
1179,11489,Size Issue,2025-09-14
1180,11495,Damaged,2026-05-11
1181,11497,Damaged,2026-03-14
1182,11518,Quality Issue,2026-03-27
1183,11519,Defective,2025-12-13
1184,11530,Damaged,2025-12-14
1185,11538,Quality Issue,2026-01-18
1186,11539,Wrong Item,2025-08-20
1187,11545,Damaged,2025-11-29
1188,11566,Quality Issue,2026-02-06
1189,11572,Wrong Item,2026-04-04
1190,11584,Quality Issue,2026-02-17
1191,11585,Size Issue,2026-03-09
1192,11597,Defective,2025-09-17
1193,11611,Size Issue,2026-02-14
1194,11617,Wrong Item,2025-11-14
1195,11650,Defective,2025-10-20
1196,11662,Defective,2026-03-11
1197,11663,Quality Issue,2025-11-16
1198,11677,Defective,2026-02-23
1199,11679,Damaged,2025-11-12
1200,11681,Wrong Item,2025-12-19
1201,11694,Wrong Item,2026-04-22
1202,11697,Quality Issue,2025-07-23
1203,11706,Damaged,2026-06-08
1204,11718,Defective,2026-01-30
1205,11721,Wrong Item,2025-10-29
1206,11733,Damaged,2026-03-15
1207,11737,Defective,2026-02-01
1208,11755,Wrong Item,2025-12-28
1209,11757,Size Issue,2025-08-19
1210,11795,Wrong Item,2025-12-12
1211,11805,Defective,2025-08-22
1212,11818,Defective,2026-05-01
1213,11825,Quality Issue,2026-06-07
1214,11827,Size Issue,2025-08-28
1215,11830,Defective,2025-07-16
1216,11831,Defective,2026-06-05
1217,11835,Wrong Item,2025-11-07
1218,11839,Damaged,2026-06-06
1219,11845,Quality Issue,2025-12-11
1220,11856,Wrong Item,2025-12-28
1221,11859,Damaged,2025-10-11
1222,11870,Damaged,2025-11-11
1223,11876,Quality Issue,2025-08-28
1224,11882,Defective,2026-05-10
1225,11900,Quality Issue,2026-06-15
1226,11902,Damaged,2026-04-24
1227,11914,Quality Issue,2025-10-19
1228,11939,Size Issue,2026-06-20
1229,11957,Damaged,2025-09-14
1230,11966,Damaged,2026-01-14
1231,11971,Wrong Item,2025-12-20
1232,11986,Size Issue,2025-10-18
1233,12005,Wrong Item,2025-12-10
1234,12018,Quality Issue,2025-07-30
1235,12021,Wrong Item,2026-01-03
1236,12022,Quality Issue,2025-07-23
1237,12040,Defective,2025-09-01
1238,12078,Size Issue,2025-11-06
1239,12089,Wrong Item,2026-01-31
1240,12098,Wrong Item,2026-06-03
1241,12110,Defective,2026-02-07
1242,12117,Wrong Item,2025-10-05
1243,12133,Defective,2026-03-30
1244,12147,Wrong Item,2025-09-19
1245,12156,Size Issue,2026-05-12
1246,12161,Defective,2026-03-02
1247,12166,Wrong Item,2026-02-09
1248,12169,Damaged,2025-12-25
1249,12176,Damaged,2025-06-27
1250,12184,Defective,2025-10-25
1251,12200,Quality Issue,2025-08-07
1252,12217,Size Issue,2025-08-08
1253,12218,Quality Issue,2025-09-22
1254,12220,Wrong Item,2026-06-08
1255,12221,Wrong Item,2026-06-15
1256,12235,Defective,2026-02-11
1257,12240,Quality Issue,2025-09-26
1258,12246,Damaged,2026-01-19
1259,12247,Quality Issue,2026-04-17
1260,12254,Defective,2025-11-15
1261,12269,Damaged,2026-03-07
1262,12293,Damaged,2025-08-25
1263,12301,Quality Issue,2025-11-08
1264,12306,Damaged,2026-05-08
1265,12311,Damaged,2026-01-29
1266,12312,Wrong Item,2025-11-28
1267,12320,Wrong Item,2026-05-07
1268,12329,Defective,2026-03-09
1269,12338,Defective,2025-09-28
1270,12353,Defective,2025-12-02
1271,12355,Quality Issue,2025-08-02
1272,12369,Defective,2026-06-01
1273,12379,Wrong Item,2025-09-24
1274,12382,Damaged,2025-11-10
1275,12385,Defective,2025-12-22
1276,12393,Wrong Item,2025-10-06
1277,12408,Wrong Item,2025-09-26
1278,12411,Size Issue,2026-01-17
1279,12412,Quality Issue,2026-03-08
1280,12414,Quality Issue,2025-06-26
1281,12422,Quality Issue,2026-05-14
1282,12456,Defective,2026-01-12
1283,12458,Damaged,2025-12-28
1284,12467,Defective,2026-01-31
1285,12514,Wrong Item,2025-11-24
1286,12521,Damaged,2026-02-25
1287,12527,Damaged,2025-12-21
1288,12536,Defective,2026-01-20
1289,12540,Damaged,2026-06-03
1290,12542,Quality Issue,2026-01-24
1291,12545,Wrong Item,2025-12-27
1292,12555,Size Issue,2025-07-25
1293,12568,Size Issue,2026-05-28
1294,12570,Damaged,2026-01-12
1295,12604,Defective,2026-01-11
1296,12627,Quality Issue,2026-05-28
1297,12641,Wrong Item,2025-09-15
1298,12647,Defective,2026-02-25
1299,12656,Damaged,2026-04-29
1300,12684,Defective,2025-09-19
1301,12705,Size Issue,2025-12-07
1302,12715,Damaged,2025-10-27
1303,12717,Wrong Item,2025-07-18
1304,12740,Quality Issue,2025-08-31
1305,12742,Size Issue,2026-04-20
1306,12763,Quality Issue,2026-01-24
1307,12764,Quality Issue,2025-09-09
1308,12779,Wrong Item,2026-05-05
1309,12791,Damaged,2026-04-25
1310,12794,Wrong Item,2025-09-16
1311,12820,Defective,2025-09-01
1312,12845,Size Issue,2026-05-17
1313,12848,Size Issue,2025-06-29
1314,12868,Quality Issue,2026-03-21
1315,12876,Wrong Item,2025-09-25
1316,12879,Wrong Item,2025-07-28
1317,12882,Quality Issue,2025-07-06
1318,12896,Damaged,2026-03-03
1319,12912,Quality Issue,2025-08-21
1320,12917,Wrong Item,2026-02-20
1321,12918,Defective,2025-06-26
1322,12931,Wrong Item,2026-05-29
1323,12968,Quality Issue,2026-04-20
1324,12975,Wrong Item,2025-10-31
1325,12986,Defective,2025-10-13
1326,12996,Quality Issue,2025-09-07
1327,13020,Size Issue,2026-03-02
1328,13025,Damaged,2026-05-02
1329,13038,Damaged,2025-08-20
1330,13040,Damaged,2025-08-29
1331,13046,Size Issue,2025-09-17
1332,13048,Defective,2025-08-16
1333,13066,Damaged,2026-02-12
1334,13073,Size Issue,2025-09-20
1335,13095,Defective,2026-03-25
1336,13098,Size Issue,2025-11-16
1337,13101,Damaged,2026-03-31
1338,13104,Defective,2026-05-31
1339,13107,Wrong Item,2025-09-29
1340,13114,Wrong Item,2025-11-09
1341,13137,Damaged,2025-10-01
1342,13140,Defective,2025-10-20
1343,13160,Wrong Item,2026-06-15
1344,13166,Quality Issue,2025-12-31
1345,13167,Damaged,2025-09-09
1346,13169,Defective,2025-06-28
1347,13184,Wrong Item,2025-10-18
1348,13221,Wrong Item,2025-08-14
1349,13238,Size Issue,2026-01-03
1350,13242,Wrong Item,2025-12-05
1351,13256,Size Issue,2025-12-30
1352,13262,Damaged,2025-07-09
1353,13266,Size Issue,2025-11-11
1354,13321,Quality Issue,2026-06-21
1355,13325,Defective,2026-01-27
1356,13334,Quality Issue,2026-04-19
1357,13338,Wrong Item,2025-08-13
1358,13350,Size Issue,2025-08-16
1359,13370,Defective,2026-01-25
1360,13375,Damaged,2025-10-18
1361,13394,Damaged,2025-07-22
1362,13401,Damaged,2025-07-06
1363,13428,Defective,2025-08-11
1364,13436,Wrong Item,2026-05-22
1365,13443,Wrong Item,2026-05-18
1366,13457,Quality Issue,2026-04-05
1367,13472,Size Issue,2025-11-28
1368,13476,Wrong Item,2025-06-28
1369,13480,Quality Issue,2025-07-22
1370,13485,Size Issue,2026-01-28
1371,13489,Defective,2026-01-25
1372,13516,Size Issue,2025-10-21
1373,13537,Damaged,2025-07-26
1374,13548,Size Issue,2025-11-17
1375,13564,Wrong Item,2026-03-20
1376,13573,Wrong Item,2026-04-19
1377,13581,Size Issue,2025-10-30
1378,13608,Wrong Item,2026-03-30
1379,13609,Damaged,2026-02-11
1380,13612,Size Issue,2026-01-12
1381,13616,Size Issue,2025-07-30
1382,13617,Size Issue,2026-06-03
1383,13627,Damaged,2025-07-31
1384,13676,Quality Issue,2026-03-09
1385,13682,Size Issue,2025-09-25
1386,13689,Defective,2025-08-05
1387,13694,Quality Issue,2025-08-06
1388,13695,Damaged,2026-02-22
1389,13699,Damaged,2025-07-25
1390,13701,Wrong Item,2025-08-25
1391,13718,Damaged,2025-07-05
1392,13732,Size Issue,2026-04-26
1393,13737,Quality Issue,2026-03-13
1394,13747,Quality Issue,2026-03-23
1395,13751,Size Issue,2026-06-02
1396,13754,Defective,2026-04-09
1397,13775,Size Issue,2026-04-21
1398,13798,Wrong Item,2026-06-17
1399,13811,Defective,2025-09-30
1400,13819,Wrong Item,2025-12-05
1401,13854,Defective,2026-04-04
1402,13864,Wrong Item,2026-04-08
1403,13881,Defective,2026-01-08
1404,13916,Quality Issue,2026-06-09
1405,13920,Size Issue,2026-04-22
1406,13933,Damaged,2025-12-04
1407,13937,Size Issue,2025-10-22
1408,13960,Defective,2025-09-26
1409,13974,Quality Issue,2025-08-22
1410,13990,Defective,2025-08-31
1411,13998,Size Issue,2026-02-02
1412,13999,Size Issue,2026-06-17
1413,14024,Quality Issue,2025-11-26
1414,14032,Damaged,2025-07-01
1415,14035,Damaged,2025-06-27
1416,14042,Size Issue,2025-08-24
1417,14045,Quality Issue,2025-08-31
1418,14057,Defective,2026-01-19
1419,14062,Size Issue,2025-08-03
1420,14063,Defective,2025-07-28
1421,14067,Damaged,2025-10-02
1422,14112,Size Issue,2025-09-13
1423,14151,Quality Issue,2025-12-18
1424,14179,Damaged,2025-07-02
1425,14180,Wrong Item,2026-03-31
1426,14197,Quality Issue,2025-12-27
1427,14214,Defective,2026-01-06
1428,14245,Quality Issue,2025-12-21
1429,14255,Damaged,2026-02-06
1430,14273,Size Issue,2025-08-28
1431,14274,Quality Issue,2026-05-14
1432,14278,Size Issue,2025-12-23
1433,14295,Size Issue,2025-10-26
1434,14328,Wrong Item,2025-11-02
1435,14329,Damaged,2026-01-25
1436,14330,Size Issue,2026-05-21
1437,14334,Quality Issue,2025-11-01
1438,14335,Wrong Item,2025-11-26
1439,14342,Defective,2025-10-03
1440,14354,Size Issue,2026-03-29
1441,14373,Damaged,2025-09-03
1442,14379,Wrong Item,2025-12-10
1443,14396,Size Issue,2026-04-02
1444,14407,Quality Issue,2025-07-09
1445,14418,Size Issue,2025-08-30
1446,14428,Quality Issue,2025-09-09
1447,14429,Size Issue,2026-05-05
1448,14438,Quality Issue,2025-11-27
1449,14448,Quality Issue,2026-01-24
1450,14463,Quality Issue,2025-10-17
1451,14469,Quality Issue,2025-11-26
1452,14479,Wrong Item,2026-04-07
1453,14482,Quality Issue,2025-10-23
1454,14485,Defective,2026-05-27
1455,14494,Damaged,2025-09-04
1456,14503,Size Issue,2025-12-07
1457,14509,Size Issue,2026-04-25
1458,14516,Wrong Item,2026-01-14
1459,14526,Defective,2025-11-25
1460,14532,Damaged,2025-08-21
1461,14557,Wrong Item,2025-08-13
1462,14559,Quality Issue,2025-11-08
1463,14574,Damaged,2025-11-20
1464,14582,Damaged,2025-12-17
1465,14587,Size Issue,2026-04-01
1466,14611,Defective,2025-07-08
1467,14613,Defective,2025-08-22
1468,14621,Defective,2026-03-02
1469,14626,Quality Issue,2025-08-13
1470,14653,Quality Issue,2026-03-20
1471,14659,Size Issue,2025-10-28
1472,14660,Damaged,2025-07-22
1473,14661,Quality Issue,2025-08-15
1474,14668,Wrong Item,2026-05-22
1475,14687,Size Issue,2026-01-26
1476,14694,Wrong Item,2025-07-09
1477,14698,Quality Issue,2025-08-11
1478,14699,Size Issue,2025-08-23
1479,14712,Defective,2026-05-06
1480,14746,Wrong Item,2025-08-07
1481,14762,Defective,2026-04-28
1482,14770,Defective,2026-01-30
1483,14791,Defective,2026-03-21
1484,14794,Damaged,2026-04-22
1485,14813,Quality Issue,2026-06-14
1486,14821,Size Issue,2025-07-20
1487,14822,Defective,2026-01-15
1488,14825,Defective,2026-03-11
1489,14826,Quality Issue,2026-02-25
1490,14831,Defective,2026-05-29
1491,14842,Size Issue,2025-08-11
1492,14862,Wrong Item,2026-04-08
1493,14866,Defective,2026-05-23
1494,14875,Defective,2026-05-11
1495,14878,Wrong Item,2026-01-27
1496,14879,Damaged,2025-10-22
1497,14888,Damaged,2026-06-20
1498,14911,Size Issue,2025-08-17
1499,14919,Defective,2025-07-31
1500,14926,Size Issue,2026-02-24
1501,14929,Defective,2025-10-22
1502,14933,Defective,2026-04-11
1503,14937,Size Issue,2025-07-23
1504,14948,Damaged,2025-07-13
1505,14991,Size Issue,2025-09-05
1506,15007,Damaged,2026-02-05
1507,15013,Quality Issue,2025-07-28
1508,15022,Wrong Item,2026-05-20
1509,15023,Wrong Item,2025-07-17
1510,15035,Size Issue,2025-10-06
1511,15042,Damaged,2025-10-07
1512,15071,Damaged,2025-07-21
1513,15093,Wrong Item,2026-06-17
1514,15095,Quality Issue,2026-04-23
1515,15096,Wrong Item,2025-09-17
1516,15100,Quality Issue,2025-08-24
1517,15108,Wrong Item,2025-07-03
1518,15117,Size Issue,2026-02-05
1519,15138,Wrong Item,2025-12-10
1520,15146,Wrong Item,2025-10-24
1521,15150,Wrong Item,2026-06-12
1522,15151,Wrong Item,2025-12-20
1523,15157,Quality Issue,2025-11-27
1524,15174,Wrong Item,2026-02-28
1525,15178,Size Issue,2025-11-09
1526,15194,Quality Issue,2025-08-30
1527,15197,Size Issue,2026-03-24
1528,15198,Damaged,2025-09-27
1529,15205,Wrong Item,2025-11-28
1530,15213,Size Issue,2026-06-20
1531,15219,Size Issue,2026-04-22
1532,15228,Damaged,2026-01-24
1533,15238,Defective,2025-12-21
1534,15279,Wrong Item,2026-03-24
1535,15287,Quality Issue,2025-10-22
1536,15289,Quality Issue,2026-04-17
1537,15294,Size Issue,2025-09-03
1538,15323,Defective,2025-09-02
1539,15327,Wrong Item,2025-09-19
1540,15350,Defective,2026-05-14
1541,15358,Defective,2026-02-25
1542,15361,Size Issue,2026-04-12
1543,15367,Defective,2026-04-22
1544,15385,Wrong Item,2026-01-19
1545,15387,Size Issue,2026-06-13
1546,15394,Damaged,2026-04-04
1547,15402,Wrong Item,2025-12-29
1548,15415,Defective,2025-09-06
1549,15428,Damaged,2025-10-08
1550,15439,Defective,2025-08-17
1551,15459,Damaged,2026-06-22
1552,15475,Wrong Item,2026-05-19
1553,15502,Size Issue,2025-09-01
1554,15505,Size Issue,2026-04-27
1555,15529,Defective,2026-03-31
1556,15538,Size Issue,2026-02-08
1557,15556,Quality Issue,2025-07-09
1558,15560,Quality Issue,2025-10-24
1559,15582,Size Issue,2025-11-23
1560,15593,Quality Issue,2026-01-05
1561,15612,Defective,2025-11-12
1562,15637,Size Issue,2026-03-08
1563,15648,Damaged,2025-07-26
1564,15653,Defective,2026-04-16
1565,15672,Quality Issue,2025-10-05
1566,15676,Defective,2025-07-14
1567,15678,Quality Issue,2026-01-02
1568,15681,Damaged,2025-08-30
1569,15688,Size Issue,2026-04-24
1570,15705,Quality Issue,2025-08-01
1571,15714,Size Issue,2026-05-24
1572,15720,Defective,2025-10-03
1573,15724,Quality Issue,2025-11-16
1574,15726,Wrong Item,2026-06-11
1575,15730,Wrong Item,2026-01-06
1576,15735,Defective,2025-08-07
1577,15750,Wrong Item,2025-12-29
1578,15756,Size Issue,2025-08-22
1579,15762,Wrong Item,2025-07-04
1580,15773,Size Issue,2025-07-03
1581,15801,Wrong Item,2025-09-21
1582,15806,Size Issue,2026-04-30
1583,15808,Size Issue,2025-09-12
1584,15814,Wrong Item,2026-03-20
1585,15821,Wrong Item,2026-06-03
1586,15822,Defective,2025-08-07
1587,15823,Size Issue,2025-10-21
1588,15878,Size Issue,2026-02-14
1589,15882,Damaged,2026-06-16
1590,15883,Quality Issue,2026-01-17
1591,15891,Size Issue,2025-08-22
1592,15894,Damaged,2025-10-23
1593,15895,Quality Issue,2026-01-27
1594,15896,Damaged,2025-11-23
1595,15897,Quality Issue,2025-07-17
1596,15905,Damaged,2026-02-14
1597,15908,Wrong Item,2025-07-02
1598,15916,Wrong Item,2026-01-28
1599,15923,Size Issue,2026-01-16
1600,15931,Size Issue,2025-08-23
1601,15939,Quality Issue,2026-04-07
1602,15943,Quality Issue,2025-08-09
1603,15944,Wrong Item,2025-12-25
1604,15968,Defective,2025-08-02
1605,15972,Quality Issue,2025-11-16
1606,15975,Size Issue,2026-02-12
1607,15979,Defective,2026-01-14
1608,15986,Wrong Item,2025-12-13
1609,15987,Wrong Item,2025-08-20
1610,15999,Damaged,2026-03-06
1611,16000,Size Issue,2026-05-04
1612,16010,Defective,2026-06-19
1613,16012,Defective,2026-05-02
1614,16017,Size Issue,2025-08-28
1615,16026,Quality Issue,2025-07-12
1616,16037,Size Issue,2025-09-13
1617,16041,Wrong Item,2025-09-01
1618,16053,Quality Issue,2026-03-13
1619,16065,Damaged,2025-11-18
1620,16068,Size Issue,2026-02-02
1621,16076,Size Issue,2026-03-04
1622,16100,Defective,2025-09-26
1623,16101,Size Issue,2026-01-26
1624,16103,Damaged,2026-05-21
1625,16113,Wrong Item,2026-04-04
1626,16117,Defective,2025-12-21
1627,16128,Quality Issue,2026-06-01
1628,16136,Damaged,2026-01-18
1629,16145,Defective,2026-03-02
1630,16152,Damaged,2025-07-12
1631,16161,Size Issue,2025-07-23
1632,16168,Quality Issue,2025-10-13
1633,16181,Size Issue,2026-03-27
1634,16185,Defective,2025-07-05
1635,16200,Damaged,2026-01-26
1636,16203,Quality Issue,2026-03-05
1637,16220,Size Issue,2026-03-12
1638,16224,Wrong Item,2026-02-27
1639,16227,Wrong Item,2025-10-08
1640,16246,Wrong Item,2025-10-30
1641,16259,Size Issue,2025-10-22
1642,16264,Wrong Item,2026-03-08
1643,16290,Quality Issue,2025-12-24
1644,16313,Damaged,2026-06-04
1645,16315,Size Issue,2026-02-11
1646,16323,Quality Issue,2025-12-31
1647,16326,Damaged,2025-10-08
1648,16341,Defective,2026-05-22
1649,16346,Quality Issue,2025-09-17
1650,16349,Quality Issue,2025-11-16
1651,16350,Damaged,2026-01-24
1652,16358,Wrong Item,2026-04-09
1653,16365,Defective,2026-02-06
1654,16374,Quality Issue,2025-10-19
1655,16398,Size Issue,2025-07-31
1656,16404,Wrong Item,2025-07-12
1657,16410,Defective,2025-11-21
1658,16419,Wrong Item,2025-11-14
1659,16425,Damaged,2026-02-03
1660,16433,Quality Issue,2026-05-26
1661,16444,Defective,2025-08-15
1662,16448,Defective,2026-02-22
1663,16453,Wrong Item,2025-12-09
1664,16468,Size Issue,2026-01-28
1665,16470,Wrong Item,2026-06-02
1666,16471,Size Issue,2026-06-21
1667,16488,Size Issue,2026-06-16
1668,16506,Damaged,2026-03-06
1669,16512,Wrong Item,2025-09-03
1670,16553,Wrong Item,2025-11-01
1671,16569,Damaged,2026-01-25
1672,16573,Damaged,2026-02-18
1673,16575,Wrong Item,2026-03-02
1674,16580,Damaged,2026-05-26
1675,16592,Wrong Item,2025-09-22
1676,16598,Defective,2025-07-05
1677,16631,Size Issue,2026-02-20
1678,16640,Size Issue,2025-11-24
1679,16658,Quality Issue,2025-11-23
1680,16676,Wrong Item,2026-03-11
1681,16679,Defective,2026-02-12
1682,16692,Quality Issue,2026-05-08
1683,16707,Size Issue,2026-02-04
1684,16715,Wrong Item,2025-08-22
1685,16717,Damaged,2025-10-27
1686,16726,Size Issue,2025-10-21
1687,16730,Size Issue,2025-09-30
1688,16733,Defective,2026-06-25
1689,16735,Defective,2026-06-23
1690,16748,Wrong Item,2026-02-21
1691,16754,Quality Issue,2026-01-31
1692,16767,Defective,2026-03-21
1693,16796,Wrong Item,2026-06-25
1694,16802,Damaged,2025-11-11
1695,16814,Wrong Item,2025-08-03
1696,16827,Size Issue,2025-07-06
1697,16872,Defective,2025-07-30
1698,16877,Quality Issue,2025-11-19
1699,16886,Wrong Item,2025-10-22
1700,16904,Damaged,2026-01-27
1701,16916,Wrong Item,2025-07-11
1702,16924,Damaged,2025-12-23
1703,16938,Damaged,2026-04-15
1704,16939,Quality Issue,2025-08-24
1705,16947,Size Issue,2026-06-04
1706,16954,Wrong Item,2025-12-15
1707,16959,Damaged,2025-08-03
1708,16974,Size Issue,2025-07-20
1709,16976,Quality Issue,2025-10-28
1710,16980,Damaged,2026-01-30
1711,16990,Damaged,2025-07-22
1712,17016,Quality Issue,2026-04-21
1713,17018,Damaged,2025-09-05
1714,17024,Damaged,2026-03-29
1715,17031,Damaged,2025-11-02
1716,17041,Defective,2026-05-01
1717,17052,Quality Issue,2025-12-11
1718,17061,Wrong Item,2026-03-25
1719,17079,Size Issue,2025-07-15
1720,17084,Quality Issue,2025-10-21
1721,17090,Quality Issue,2026-03-26
1722,17104,Wrong Item,2025-10-02
1723,17108,Damaged,2026-05-23
1724,17113,Size Issue,2025-08-14
1725,17117,Size Issue,2025-08-01
1726,17126,Damaged,2025-11-14
1727,17149,Damaged,2025-06-28
1728,17156,Damaged,2026-02-07
1729,17171,Quality Issue,2025-09-30
1730,17185,Size Issue,2026-01-08
1731,17196,Size Issue,2026-03-03
1732,17205,Wrong Item,2025-07-26
1733,17208,Quality Issue,2025-08-08
1734,17221,Defective,2026-04-22
1735,17241,Damaged,2026-05-24
1736,17256,Wrong Item,2026-02-14
1737,17264,Size Issue,2025-10-08
1738,17268,Defective,2025-11-03
1739,17283,Defective,2025-08-07
1740,17305,Wrong Item,2025-09-22
1741,17312,Wrong Item,2026-02-12
1742,17315,Wrong Item,2026-05-21
1743,17320,Quality Issue,2026-02-06
1744,17329,Size Issue,2026-03-29
1745,17342,Damaged,2026-03-08
1746,17343,Damaged,2026-02-18
1747,17393,Wrong Item,2025-09-27
1748,17430,Quality Issue,2025-10-09
1749,17431,Damaged,2026-03-03
1750,17442,Defective,2026-05-12
1751,17487,Size Issue,2025-10-21
1752,17488,Wrong Item,2026-03-17
1753,17495,Damaged,2025-07-31
1754,17504,Wrong Item,2026-01-27
1755,17509,Quality Issue,2026-03-07
1756,17518,Size Issue,2026-01-14
1757,17529,Quality Issue,2026-04-12
1758,17531,Defective,2025-09-17
1759,17548,Wrong Item,2026-06-10
1760,17566,Damaged,2026-02-16
1761,17569,Damaged,2026-01-23
1762,17572,Quality Issue,2025-07-01
1763,17578,Size Issue,2026-05-25
1764,17580,Size Issue,2025-12-18
1765,17586,Defective,2025-08-04
1766,17599,Wrong Item,2025-09-08
1767,17612,Size Issue,2025-06-29
1768,17618,Damaged,2025-10-24
1769,17640,Quality Issue,2025-12-22
1770,17643,Defective,2025-07-30
1771,17649,Quality Issue,2026-05-25
1772,17654,Damaged,2025-09-23
1773,17670,Defective,2025-08-22
1774,17672,Defective,2026-03-09
1775,17699,Defective,2025-12-24
1776,17700,Quality Issue,2026-06-07
1777,17715,Wrong Item,2026-02-28
1778,17724,Defective,2026-04-21
1779,17747,Damaged,2025-12-03
1780,17753,Defective,2025-09-08
1781,17766,Wrong Item,2025-10-30
1782,17769,Wrong Item,2025-09-21
1783,17776,Damaged,2025-09-15
1784,17789,Size Issue,2025-09-11
1785,17793,Size Issue,2026-06-20
1786,17801,Damaged,2025-12-06
1787,17803,Defective,2026-01-04
1788,17817,Quality Issue,2026-02-02
1789,17841,Wrong Item,2025-08-22
1790,17855,Size Issue,2026-06-21
1791,17859,Size Issue,2025-12-31
1792,17860,Defective,2026-05-23
1793,17866,Wrong Item,2025-10-12
1794,17868,Size Issue,2025-07-27
1795,17872,Defective,2026-05-21
1796,17881,Defective,2025-11-16
1797,17888,Wrong Item,2026-03-24
1798,17896,Wrong Item,2025-12-24
1799,17904,Wrong Item,2026-03-07
1800,17910,Defective,2026-01-15
1801,17927,Wrong Item,2025-12-12
1802,17930,Size Issue,2026-04-22
1803,17974,Quality Issue,2025-07-19
1804,17983,Size Issue,2026-03-11
1805,17990,Size Issue,2025-07-03
1806,17999,Defective,2025-07-25
1807,18047,Size Issue,2025-12-30
1808,18051,Size Issue,2026-02-28
1809,18053,Defective,2025-08-14
1810,18055,Size Issue,2026-05-12
1811,18064,Wrong Item,2026-05-15
1812,18095,Wrong Item,2026-01-17
1813,18098,Wrong Item,2026-03-11
1814,18113,Size Issue,2025-09-01
1815,18114,Damaged,2025-11-12
1816,18120,Wrong Item,2025-12-06
1817,18124,Defective,2025-08-19
1818,18132,Quality Issue,2025-10-13
1819,18139,Defective,2025-10-28
1820,18142,Wrong Item,2025-10-29
1821,18143,Wrong Item,2025-07-01
1822,18165,Defective,2026-02-27
1823,18175,Wrong Item,2026-05-29
1824,18181,Size Issue,2025-12-30
1825,18193,Quality Issue,2025-10-04
1826,18214,Damaged,2025-12-21
1827,18215,Quality Issue,2026-02-25
1828,18219,Damaged,2025-08-11
1829,18221,Size Issue,2026-01-24
1830,18239,Damaged,2025-12-14
1831,18250,Size Issue,2025-09-27
1832,18270,Damaged,2025-07-17
1833,18273,Wrong Item,2025-07-01
1834,18274,Defective,2025-10-15
1835,18283,Damaged,2026-01-08
1836,18284,Size Issue,2026-02-11
1837,18293,Damaged,2026-05-21
1838,18297,Defective,2025-11-18
1839,18303,Size Issue,2025-12-19
1840,18305,Defective,2025-07-24
1841,18315,Quality Issue,2025-12-18
1842,18321,Quality Issue,2025-10-06
1843,18339,Quality Issue,2026-04-10
1844,18341,Damaged,2026-02-16
1845,18361,Quality Issue,2026-02-13
1846,18363,Size Issue,2025-10-13
1847,18365,Size Issue,2025-10-22
1848,18377,Damaged,2026-05-24
1849,18387,Wrong Item,2025-08-18
1850,18395,Wrong Item,2026-06-23
1851,18399,Defective,2025-11-10
1852,18408,Defective,2026-06-22
1853,18413,Defective,2025-12-16
1854,18428,Size Issue,2026-05-29
1855,18429,Wrong Item,2025-07-06
1856,18442,Damaged,2026-01-19
1857,18447,Wrong Item,2025-10-29
1858,18466,Damaged,2025-07-03
1859,18502,Damaged,2025-11-07
1860,18513,Size Issue,2026-05-07
1861,18515,Quality Issue,2025-07-02
1862,18516,Wrong Item,2026-05-16
1863,18537,Damaged,2026-03-22
1864,18549,Defective,2025-11-26
1865,18556,Defective,2025-12-09
1866,18560,Size Issue,2026-01-22
1867,18585,Quality Issue,2026-05-22
1868,18601,Damaged,2026-01-09
1869,18602,Size Issue,2025-08-27
1870,18603,Damaged,2025-09-11
1871,18628,Wrong Item,2025-12-10
1872,18629,Defective,2026-06-07
1873,18631,Defective,2025-07-20
1874,18638,Size Issue,2025-10-25
1875,18660,Defective,2025-09-14
1876,18672,Size Issue,2025-09-03
1877,18677,Size Issue,2026-03-14
1878,18682,Defective,2026-02-01
1879,18684,Quality Issue,2025-09-28
1880,18688,Size Issue,2026-01-27
1881,18692,Size Issue,2026-04-14
1882,18693,Defective,2026-01-06
1883,18715,Wrong Item,2025-09-07
1884,18719,Size Issue,2026-02-09
1885,18728,Defective,2026-04-06
1886,18756,Wrong Item,2026-05-20
1887,18758,Quality Issue,2025-07-14
1888,18763,Defective,2026-06-22
1889,18771,Wrong Item,2025-07-19
1890,18796,Quality Issue,2025-12-31
1891,18797,Defective,2025-07-15
1892,18798,Quality Issue,2025-09-03
1893,18817,Size Issue,2026-02-24
1894,18821,Quality Issue,2026-03-23
1895,18828,Damaged,2025-08-29
1896,18847,Defective,2026-06-09
1897,18856,Wrong Item,2026-02-28
1898,18857,Size Issue,2025-08-05
1899,18862,Wrong Item,2026-03-06
1900,18877,Size Issue,2026-06-11
1901,18881,Wrong Item,2025-12-20
1902,18887,Damaged,2025-09-04
1903,18909,Wrong Item,2026-06-18
1904,18911,Wrong Item,2025-12-21
1905,18926,Wrong Item,2025-08-02
1906,18956,Size Issue,2026-03-17
1907,18959,Defective,2025-07-18
1908,18963,Size Issue,2026-02-17
1909,18977,Size Issue,2026-01-17
1910,18994,Damaged,2025-11-02
1911,19008,Damaged,2026-05-30
1912,19025,Size Issue,2026-06-10
1913,19030,Damaged,2026-04-11
1914,19038,Size Issue,2026-05-20
1915,19041,Size Issue,2026-02-10
1916,19068,Size Issue,2026-03-26
1917,19086,Size Issue,2025-07-12
1918,19093,Wrong Item,2025-06-26
1919,19100,Damaged,2026-02-07
1920,19125,Size Issue,2026-04-28
1921,19133,Size Issue,2025-12-16
1922,19147,Quality Issue,2025-11-03
1923,19154,Damaged,2025-06-27
1924,19167,Wrong Item,2026-02-20
1925,19180,Wrong Item,2025-10-17
1926,19195,Wrong Item,2026-03-19
1927,19196,Quality Issue,2026-02-07
1928,19201,Wrong Item,2026-02-17
1929,19234,Size Issue,2025-11-04
1930,19259,Quality Issue,2025-07-08
1931,19268,Wrong Item,2025-12-20
1932,19282,Damaged,2026-06-14
1933,19287,Damaged,2025-12-26
1934,19296,Wrong Item,2026-01-04
1935,19304,Wrong Item,2026-03-14
1936,19308,Damaged,2026-04-28
1937,19310,Size Issue,2026-03-29
1938,19312,Defective,2026-05-24
1939,19318,Quality Issue,2025-12-28
1940,19323,Wrong Item,2025-08-25
1941,19352,Size Issue,2026-03-05
1942,19359,Quality Issue,2025-10-18
1943,19360,Wrong Item,2026-02-27
1944,19363,Size Issue,2026-04-11
1945,19364,Size Issue,2026-05-23
1946,19368,Size Issue,2025-08-16
1947,19370,Quality Issue,2026-04-21
1948,19402,Wrong Item,2025-09-01
1949,19403,Size Issue,2025-12-19
1950,19407,Defective,2025-07-22
1951,19410,Wrong Item,2025-08-23
1952,19416,Size Issue,2025-11-01
1953,19422,Damaged,2025-12-27
1954,19437,Defective,2026-06-12
1955,19443,Size Issue,2026-04-05
1956,19449,Quality Issue,2025-10-22
1957,19469,Wrong Item,2026-02-25
1958,19480,Damaged,2026-05-11
1959,19528,Defective,2026-05-15
1960,19531,Quality Issue,2025-10-31
1961,19547,Size Issue,2025-08-19
1962,19551,Size Issue,2025-10-21
1963,19569,Damaged,2025-12-14
1964,19573,Size Issue,2025-07-17
1965,19577,Defective,2025-09-06
1966,19586,Damaged,2026-05-04
1967,19596,Damaged,2026-02-23
1968,19617,Defective,2025-10-01
1969,19620,Quality Issue,2026-05-29
1970,19622,Quality Issue,2025-11-22
1971,19625,Damaged,2026-06-17
1972,19638,Wrong Item,2025-10-18
1973,19648,Wrong Item,2025-12-26
1974,19657,Quality Issue,2025-09-24
1975,19663,Damaged,2025-09-29
1976,19670,Defective,2026-03-24
1977,19679,Damaged,2026-03-17
1978,19703,Defective,2025-12-05
1979,19707,Size Issue,2025-12-04
1980,19708,Wrong Item,2025-07-04
1981,19709,Damaged,2025-08-07
1982,19713,Wrong Item,2025-11-05
1983,19723,Damaged,2026-03-06
1984,19761,Damaged,2025-06-26
1985,19765,Size Issue,2026-03-25
1986,19773,Damaged,2026-03-12
1987,19778,Wrong Item,2026-03-02
1988,19784,Defective,2026-02-11
1989,19788,Size Issue,2025-08-11
1990,19789,Quality Issue,2026-05-22
1991,19793,Defective,2026-03-26
1992,19809,Size Issue,2025-09-04
1993,19818,Damaged,2025-10-13
1994,19827,Wrong Item,2026-06-26
1995,19831,Defective,2026-04-01
1996,19837,Damaged,2026-02-16
1997,19853,Quality Issue,2026-06-18
1998,19854,Size Issue,2026-02-05
1999,19856,Wrong Item,2025-12-05
2000,19880,Defective,2025-08-17
2001,19892,Damaged,2026-05-03
2002,19908,Defective,2026-03-23
2003,19910,Defective,2026-02-11
2004,19912,Damaged,2025-10-05
2005,19916,Size Issue,2025-10-17
2006,19934,Defective,2025-12-25
2007,19937,Size Issue,2026-03-17
2008,19940,Defective,2025-10-09
2009,19941,Defective,2025-06-30
2010,19957,Defective,2026-05-26
2011,19961,Damaged,2026-01-26
2012,19962,Damaged,2026-03-18
2013,19975,Wrong Item,2025-09-19
2014,19977,Quality Issue,2025-10-06
2015,19990,Size Issue,2026-06-12
2016,19994,Size Issue,2026-04-24
